Task,Metric,Train,Test,Gap
Supervisory,Bal-Acc,0.3694863989384537,0.299589845915087,0.06989655302336667
Supervisory,Macro-F1,0.3903153064648588,0.3080420574026712,0.08227324906218758
Supervisory,Kappa,0.24757590063916313,0.15806748063542087,0.08950842000374226
Operator,Bal-Acc,0.6973295425550136,0.6586060239417771,0.03872351861323642
Operator,Macro-F1,0.6852352733090264,0.6235714285714286,0.061663844737597895
Operator,Kappa,0.4720382120108201,0.4162707404429501,0.055767471567869986
Unsafe Acts,Bal-Acc,0.29414475402204887,0.2833333333333333,0.010811420688715545
Unsafe Acts,Macro-F1,0.2634806846574361,0.23853668261563,0.024944002041806135
Unsafe Acts,Kappa,0.033079339857715495,0.04711692471970097,-0.014037584861985475
