dropout,hidden_size,lr,cv_bal_acc_avg
0.1,32,0.001,0.45742277702804024
0.1,32,0.0003,0.44673422114759836
0.1,64,0.001,0.44829692420152945
0.1,64,0.0003,0.4453942682561104
0.1,128,0.001,0.4671517000299895
0.1,128,0.0003,0.4757506435247663
0.2,32,0.001,0.4587797864497426
0.2,32,0.0003,0.4290575642275204
0.2,64,0.001,0.4649079540910681
0.2,64,0.0003,0.4641056880091968
0.2,128,0.001,0.4627322312190733
0.2,128,0.0003,0.46906945069225764
