bal_acc_supervisory,bal_acc_operator,bal_acc_unsafe_acts,bal_acc_avg,n_samples
0.25260416666666663,0.7188034188034188,0.28654970760233917,0.41931909769080816,121
