Task,Metric,Train,Test,Gap
Supervisory,Bal-Acc,0.541642103320374,0.47613623766766433,0.06550586565270966
Supervisory,Macro-F1,0.5502004401031994,0.26884839683187295,0.2813520432713264
Supervisory,Kappa,0.41491857008501654,0.05823003747477662,0.3566885326102399
Operator,Bal-Acc,0.8370007294067797,0.6922546701131093,0.14474605929367046
Operator,Macro-F1,0.8250880959652741,0.6251866237141949,0.19990147225107924
Operator,Kappa,0.7182523424313357,0.3342606330365975,0.38399170939473826
Unsafe Acts,Bal-Acc,0.7321849867564114,0.41431623931623934,0.3178687474401721
Unsafe Acts,Macro-F1,0.682185625852223,0.27295128554276926,0.4092343403094537
Unsafe Acts,Kappa,0.5792684844771786,0.08300769686204856,0.49626078761513004
