Task,Train_Acc,Test_Acc,Gap
Supervisory,0.49472255325970504,0.24260059860325905,0.252121954656446
Operator,0.628812928533447,0.6300225485343453,-0.0012096200008983038
Unsafe Cond,0.25,0.25,0.0
